CRIM,ZN,INDUS,CHAS,NOX,RM,AGE,DIS,RAD,TAX,PTRATIO,B,LSTAT,MEDV
-2.430467184614883,1.6469676167076952,2.31,0,0.538,6.575,65.2,4.09,1,-0.5561966312145376,15.3,0.44105193260703296,4.98,24.0
-1.4545007885089023,-0.6001560723895774,7.07,0,0.469,6.421,78.9,4.9671,2,-1.1758818360629246,17.8,0.44105193260703296,9.14,21.6
-1.454970942820591,-0.6001560723895774,7.07,0,0.469,7.185,61.1,4.9671,2,-1.1758818360629246,17.8,0.3964269940902562,4.03,34.7
-1.3461665948573116,-0.6001560723895774,2.18,0,0.458,6.998,45.8,6.0622,3,-1.4619954277592757,18.7,0.4161628391345314,2.94,33.4
-0.8830355985407818,-0.6001560723895774,2.18,0,0.458,7.147,54.2,6.0622,3,-1.4619954277592757,18.7,0.44105193260703296,5.33,36.2
-1.3976323553122558,-0.6001560723895774,2.18,0,0.458,6.43,58.7,6.0622,3,-1.4619954277592757,18.7,0.4105710163719867,5.21,28.7
-0.7401018819885468,1.6338219716843456,7.87,0,0.524,6.012,66.6,5.5605,5,-0.41387542404030425,15.2,0.42679826674172416,12.43,22.9
-0.4644885692550184,1.6338219716843456,7.87,0,0.524,6.172,96.1,5.9505,5,-0.41387542404030425,15.2,0.44105193260703296,19.15,27.1
-0.2623841610680914,1.6338219716843456,7.87,0,0.524,5.631,100.0,6.0821,5,-0.41387542404030425,15.2,0.3284479722710874,29.93,16.5
-0.3769143268762531,1.6338219716843456,7.87,0,0.524,6.004,85.9,6.5921,5,-0.41387542404030425,15.2,0.32932512093972144,17.1,18.9
-0.22984872658986208,1.6338219716843456,7.87,0,0.524,6.377,94.3,6.3467,5,-0.41387542404030425,15.2,0.3930280429992979,20.45,15.0
-0.5786612990997151,1.6338219716843456,7.87,0,0.524,6.009,82.9,6.2267,5,-0.41387542404030425,15.2,0.44105193260703296,13.27,18.9
-0.7055834544861096,1.6338219716843456,7.87,0,0.524,5.889,39.0,5.4509,5,-0.41387542404030425,15.2,0.37088003911627826,15.71,21.7
0.2729597699185416,-0.6001560723895774,8.14,0,0.538,5.949,61.8,4.7075,4,-0.4507885703002324,21.0,0.44105193260703296,8.26,20.4
0.27890256116040235,-0.6001560723895774,8.14,0,0.538,6.096,84.5,4.4619,4,-0.4507885703002324,21.0,0.2559735635251666,10.26,18.2
0.2712260485159917,-0.6001560723895774,8.14,0,0.538,5.834,56.5,4.4986,4,-0.4507885703002324,21.0,0.4270175539088823,8.47,19.9
0.5026955617236597,-0.6001560723895774,8.14,0,0.538,5.935,29.3,4.4986,4,-0.4507885703002324,21.0,0.33086013110983237,6.58,23.1
0.37250606381568885,-0.6001560723895774,8.14,0,0.538,5.99,81.7,4.2579,4,-0.4507885703002324,21.0,0.3297636952740392,14.67,17.5
0.38294513832608124,-0.6001560723895774,8.14,0,0.538,5.456,36.6,3.7965,4,-0.4507885703002324,21.0,-0.7421119777972458,11.69,20.2
0.33767207660672066,-0.6001560723895774,8.14,0,0.538,5.727,69.5,3.7965,4,-0.4507885703002324,21.0,0.375814000377347,11.28,18.2
0.5764106411953833,-0.6001560723895774,8.14,0,0.538,5.57,98.1,3.7979,4,-0.4507885703002324,21.0,0.21814652719030653,21.02,13.6
0.4095025198010972,-0.6001560723895774,8.14,0,0.538,5.965,89.2,4.0123,4,-0.4507885703002324,21.0,0.39313768658287673,13.83,19.6
0.5698074991707066,-0.6001560723895774,8.14,0,0.538,6.142,91.7,3.9769,4,-0.4507885703002324,21.0,0.44105193260703296,18.72,15.2
0.47482053298817356,-0.6001560723895774,8.14,0,0.538,5.813,100.0,4.0952,4,-0.4507885703002324,21.0,0.4151760468823175,19.88,14.5
0.35262982838861384,-0.6001560723895774,8.14,0,0.538,5.924,94.1,4.3996,4,-0.4507885703002324,21.0,0.41287353162715185,16.3,15.6
0.4034677563856042,-0.6001560723895774,8.14,0,0.538,5.599,85.7,4.4546,4,-0.4507885703002324,21.0,-0.5838962866923088,16.51,13.9
0.30263049525574987,-0.6001560723895774,8.14,0,0.538,5.813,90.3,4.682,4,-0.4507885703002324,21.0,0.2215454782812649,14.81,16.6
0.46013919326341596,-0.6001560723895774,8.14,0,0.538,6.047,88.8,4.4534,4,-0.4507885703002324,21.0,-0.5514417859528348,17.28,14.8
0.366049236314422,-0.6001560723895774,8.14,0,0.538,6.495,94.4,4.4547,4,-0.4507885703002324,21.0,0.3428112817199765,12.8,18.4
0.48095735736623685,-0.6001560723895774,8.14,0,0.538,6.674,87.3,4.239,4,-0.4507885703002324,21.0,0.2582760787803322,11.98,21.0
0.5330426617778485,-0.6001560723895774,8.14,0,0.538,5.713,94.1,4.233,4,-0.4507885703002324,21.0,0.03833105012024689,22.6,12.7
0.6097705701303187,-0.6001560723895774,8.14,0,0.538,6.072,100.0,4.175,4,-0.4507885703002324,21.0,0.21990082452757562,13.04,14.5
0.6199510790777376,-0.6001560723895774,8.14,0,0.538,5.95,82.0,3.99,4,-0.4507885703002324,21.0,-1.360392145600946,27.71,13.2
0.5408987788449207,-0.6001560723895774,8.14,0,0.538,5.701,95.0,3.7872,4,-0.4507885703002324,21.0,0.022980948419143468,18.35,13.1
0.6823031848596355,-0.6001560723895774,8.14,0,0.538,6.096,96.9,3.7598,4,-0.4507885703002324,21.0,-1.1881420757978582,20.34,13.5
-0.926365769544319,-0.6001560723895774,5.96,0,0.499,5.933,68.2,3.3603,5,-0.731415959491307,19.2,0.44105193260703296,9.68,18.9
-0.6837912165424542,-0.6001560723895774,5.96,0,0.499,5.841,61.4,3.3779,5,-0.731415959491307,19.2,0.22900124196465796,11.41,20.0
-0.7959845604199164,-0.6001560723895774,5.96,0,0.499,5.85,41.5,3.9342,5,-0.731415959491307,19.2,0.44105193260703296,8.77,21.0
-0.3614231479927947,-0.6001560723895774,5.96,0,0.499,5.966,30.2,3.8473,5,-0.731415959491307,19.2,0.40300560910501476,10.13,24.7
-1.447028452101566,1.6860954279525844,2.95,0,0.428,6.595,21.8,5.4011,3,-1.0459855348427602,18.3,0.42712719749246164,4.32,30.8
-1.3227905376418643,1.6860954279525844,2.95,0,0.428,7.024,15.8,5.4011,3,-1.0459855348427602,18.3,0.4270175539088823,1.98,34.9
-0.5335148563259585,-0.6001560723895774,6.91,0,0.448,6.77,2.9,5.7209,3,-1.29999264000392,17.9,0.31507145507441264,4.84,26.6
-0.47610583335349943,-0.6001560723895774,6.91,0,0.448,6.169,6.6,5.7209,3,-1.29999264000392,17.9,0.29270416402423394,5.81,25.3
-0.41170250751329435,-0.6001560723895774,6.91,0,0.448,6.211,6.5,5.7209,3,-1.29999264000392,17.9,0.414298898213683,7.44,24.7
-0.5545158588573376,-0.6001560723895774,6.91,0,0.448,6.069,40.0,5.7209,3,-1.29999264000392,17.9,0.3587096013389755,9.55,21.2
-0.372597147538611,-0.6001560723895774,6.91,0,0.448,5.682,33.8,5.1004,3,-1.29999264000392,17.9,0.44105193260703296,10.21,19.3
-0.32255174544181714,-0.6001560723895774,6.91,0,0.448,5.786,33.3,5.1004,3,-1.29999264000392,17.9,0.44105193260703296,14.15,20.0
-0.21987271857542362,-0.6001560723895774,6.91,0,0.448,6.03,85.5,5.6894,3,-1.29999264000392,17.9,0.39544020183804285,18.8,16.6
-0.16752203037868213,-0.6001560723895774,6.91,0,0.448,5.399,95.3,5.87,3,-1.29999264000392,17.9,0.44105193260703296,30.81,14.4
-0.24178814231610699,-0.6001560723895774,6.91,0,0.448,5.602,62.0,6.0877,3,-1.29999264000392,17.9,0.44105193260703296,16.2,19.4
-0.7372489366208133,1.6520874987985161,5.64,0,0.439,5.963,45.7,6.8147,4,-1.1625261820068278,16.8,0.4263596924074069,13.45,19.7
-1.163398454583871,1.6520874987985161,5.64,0,0.439,6.115,63.0,6.8147,4,-1.1625261820068278,16.8,0.4089263626182974,9.43,20.5
-1.0341368611083608,1.6520874987985161,5.64,0,0.439,6.511,21.1,6.8147,4,-1.1625261820068278,16.8,0.44105193260703296,5.28,25.0
-1.0785989237600102,1.6520874987985161,5.64,0,0.439,5.998,21.4,6.8147,4,-1.1625261820068278,16.8,0.44105193260703296,8.43,23.4
-1.9127713668446102,1.6860954279525844,4.0,0,0.41,5.888,47.6,7.3197,3,0.6361522900216068,21.1,0.44105193260703296,14.8,18.9
-1.9373856115391201,1.6899452234348722,1.22,0,0.403,7.249,21.9,8.6966,5,-1.4016949429925791,17.9,0.43041650499984113,4.81,35.4
-1.638971823625882,1.6887619559002864,0.74,0,0.41,6.383,35.7,9.1876,2,-0.3956892624076143,17.3,0.44105193260703296,5.77,24.7
-1.8782316725923733,1.6920714109362032,1.32,0,0.411,6.816,40.5,8.3248,5,-0.9962066611678485,15.1,0.39719449917531147,3.95,31.6
-0.4285762996269775,1.6575871781111946,5.13,0,0.453,6.145,29.2,7.8148,8,-0.6782230147148927,19.7,0.37285362362070595,6.86,23.3
-0.6508303373715354,1.6575871781111946,5.13,0,0.453,5.927,47.2,6.932,8,-0.6782230147148927,19.7,0.44105193260703296,9.22,19.6
-0.4468551880203912,1.6575871781111946,5.13,0,0.453,5.741,66.2,7.2254,8,-0.6782230147148927,19.7,0.42142573114633813,13.15,18.7
-0.3716948285963069,1.6575871781111946,5.13,0,0.453,5.966,93.4,6.8185,8,-0.6782230147148927,19.7,0.2347027083107815,14.44,16.0
-0.6139928334473059,1.6575871781111946,5.13,0,0.453,6.456,67.8,7.2255,8,-0.6782230147148927,19.7,0.44105193260703296,6.73,22.2
-0.5376011526473039,1.6575871781111946,5.13,0,0.453,6.762,43.4,7.9809,8,-0.6782230147148927,19.7,0.42657897957456503,9.5,25.0
-1.673058339338959,1.646004860311312,1.38,0,0.4161,7.104,59.5,9.2229,3,-1.5556217731501016,18.6,0.4009223810170078,8.05,33.0
-1.282003917777519,1.6874834813598514,3.37,0,0.398,6.29,17.8,6.6115,4,-0.19045281303794862,16.1,0.44105193260703296,4.67,23.5
-1.1574594532395726,1.6874834813598514,3.37,0,0.398,5.787,31.1,6.6115,4,-0.19045281303794862,16.1,0.44105193260703296,10.24,19.4
-0.9877972192653154,1.6338219716843456,6.07,0,0.409,5.878,21.4,6.498,4,-0.12692669941858054,18.9,0.43348652534006105,8.1,22.0
-0.49963176898156636,1.6338219716843456,6.07,0,0.409,5.594,36.8,6.498,4,-0.12692669941858054,18.9,0.44105193260703296,13.09,17.4
-0.5304074862570454,1.6338219716843456,6.07,0,0.409,5.885,33.0,6.498,4,-0.12692669941858054,18.9,0.44105193260703296,8.79,20.9
-0.7402969733546239,-0.6001560723895774,10.81,0,0.413,6.417,6.6,5.2873,4,-0.46952151356963195,19.2,0.2966513330330893,6.72,24.2
-0.4137332588988545,-0.6001560723895774,10.81,0,0.413,5.961,17.5,5.2873,4,-0.46952151356963195,19.2,0.2222033397827408,9.88,21.7
-0.7187660410356836,-0.6001560723895774,10.81,0,0.413,6.065,7.8,5.2873,4,-0.46952151356963195,19.2,0.37537542604303026,5.52,22.8
-0.3032355197339368,-0.6001560723895774,10.81,0,0.413,6.245,6.2,5.2873,4,-0.46952151356963195,19.2,0.2247251422050651,7.54,23.4
-0.8045938498622105,-0.6001560723895774,12.83,0,0.437,6.273,6.0,4.2515,5,0.24355481580702007,18.7,0.4193425030583311,6.78,24.1
-0.697497328045613,-0.6001560723895774,12.83,0,0.437,6.286,45.0,4.5026,5,0.24355481580702007,18.7,0.29116915385412395,8.94,21.4
-0.6604861873320627,-0.6001560723895774,12.83,0,0.437,6.279,74.5,4.0522,5,0.24355481580702007,18.7,0.18624024436872916,11.97,20.0
-0.7480953124993068,-0.6001560723895774,12.83,0,0.437,6.14,45.8,4.0905,5,0.24355481580702007,18.7,0.3320662105292044,10.27,20.8
-1.0028121004354877,-0.6001560723895774,12.83,0,0.437,6.232,53.7,5.0141,5,0.24355481580702007,18.7,0.3259261698487631,12.34,21.2
-0.7696644878594229,-0.6001560723895774,12.83,0,0.437,5.874,36.6,4.5026,5,0.24355481580702007,18.7,0.4318418715863718,9.1,20.3
-1.1961730070170953,1.6575871781111946,4.86,0,0.426,6.727,33.5,5.4007,4,-0.7099655630497337,19.0,0.44105193260703296,5.29,28.0
-1.1459039288303645,1.6575871781111946,4.86,0,0.426,6.619,70.4,5.4007,4,-0.7099655630497337,19.0,0.42712719749246164,7.22,23.9
-1.2690244151150143,1.6575871781111946,4.86,0,0.426,6.302,32.2,5.4007,4,-0.7099655630497337,19.0,0.44105193260703296,6.72,24.8
-1.2878088510692034,1.6575871781111946,4.86,0,0.426,6.167,46.7,5.4007,4,-0.7099655630497337,19.0,0.3724150492863887,7.51,22.9
-1.0691516493169728,-0.6001560723895774,4.49,0,0.449,6.389,48.0,4.7794,3,-1.1099308226372593,18.5,0.44105193260703296,9.62,23.9
-0.9934187629757703,-0.6001560723895774,4.49,0,0.449,6.63,56.1,4.4377,3,-1.1099308226372593,18.5,0.39061588416055343,6.53,26.6
-1.0538726186596676,-0.6001560723895774,4.49,0,0.449,6.015,45.1,4.4272,3,-1.1099308226372593,18.5,0.43107436650131703,12.86,22.5
-0.8624551450905527,-0.6001560723895774,4.49,0,0.449,6.121,56.8,3.7476,3,-1.1099308226372593,18.5,0.4218643054806549,8.44,22.2
-1.0013237531372092,-0.6001560723895774,3.41,0,0.489,7.007,86.3,3.4217,2,-0.8309249943904964,17.8,0.44105193260703296,5.5,23.6
-1.0407132721414825,-0.6001560723895774,3.41,0,0.489,7.079,63.1,3.4145,2,-0.8309249943904964,17.8,0.4318418715863718,5.7,28.7
-1.1161167519450086,-0.6001560723895774,3.41,0,0.489,6.417,66.1,3.0923,2,-0.8309249943904964,17.8,0.3893001611576016,8.81,22.6
-1.2241131915067665,-0.6001560723895774,3.41,0,0.489,6.405,73.9,3.0921,2,-0.8309249943904964,17.8,0.40432133210796656,8.2,22.0
-1.1827756341678688,1.6610036786175044,15.04,0,0.464,6.442,53.6,3.6659,4,-0.8309249943904964,18.2,0.4203292953105449,8.16,22.9
-1.4215924016591093,1.6610036786175044,15.04,0,0.464,6.211,28.9,3.6659,4,-0.8309249943904964,18.2,0.43480224834301284,6.21,25.0
-1.1695443648764667,1.6610036786175044,15.04,0,0.464,6.249,77.3,3.615,4,-0.8309249943904964,18.2,0.44105193260703296,10.59,20.6
-0.5574597200193353,-0.6001560723895774,2.89,0,0.445,6.625,57.8,3.4952,2,-0.7640351432057285,18.0,0.014319105316378871,6.65,28.4
-0.5903106938902026,-0.6001560723895774,2.89,0,0.445,6.163,69.6,3.4952,2,-0.7640351432057285,18.0,0.3854626357323255,11.34,21.4
-0.5629864508807838,-0.6001560723895774,2.89,0,0.445,8.069,76.0,3.4952,2,-0.7640351432057285,18.0,0.44105193260703296,4.21,38.7
-0.7836124214037258,-0.6001560723895774,2.89,0,0.445,7.82,36.9,3.4952,2,-0.7640351432057285,18.0,0.4041020449408075,3.57,43.8
-0.8868877346428947,-0.6001560723895774,2.89,0,0.445,7.416,62.5,3.4952,2,-0.7640351432057285,18.0,0.44105193260703296,6.19,33.2
-0.4492574244302693,-0.6001560723895774,8.56,0,0.52,6.727,79.9,2.7778,5,0.15331627917718368,20.9,0.41758820572106203,9.42,27.5
-0.5938148397954109,-0.6001560723895774,8.56,0,0.52,6.781,71.3,2.8561,5,0.15331627917718368,20.9,0.42657897957456503,7.67,26.5
-0.22102334233840304,-0.6001560723895774,8.56,0,0.52,6.405,85.4,2.7147,5,0.15331627917718368,20.9,-3.1344253279140997,10.63,18.6
-0.26147170632175915,-0.6001560723895774,8.56,0,0.52,6.137,87.4,2.7147,5,0.15331627917718368,20.9,0.4144085417972628,13.44,19.3
-0.4834843078631215,-0.6001560723895774,8.56,0,0.52,6.167,90.0,2.421,5,0.15331627917718368,20.9,0.3948919839201463,12.33,20.1
-0.5115808850823095,-0.6001560723895774,8.56,0,0.52,5.851,96.7,2.1069,5,0.15331627917718368,20.9,0.40980351128693193,16.47,19.5
-0.37328279848056384,-0.6001560723895774,8.56,0,0.52,5.836,91.9,2.211,5,0.15331627917718368,20.9,0.42756577182677935,18.66,19.5
-0.5176235433524929,-0.6001560723895774,8.56,0,0.52,6.127,85.2,2.1224,5,0.15331627917718368,20.9,0.34007019213049355,14.09,20.4
-0.531010177244213,-0.6001560723895774,8.56,0,0.52,6.474,97.1,2.4329,5,0.15331627917718368,20.9,0.4228510977328687,12.27,19.8
-0.14829932510223368,-0.6001560723895774,8.56,0,0.52,6.229,91.2,2.5451,5,0.15331627917718368,20.9,0.37888402071756794,15.55,19.4
-0.6260293166551275,-0.6001560723895774,8.56,0,0.52,6.195,54.4,2.7778,5,0.15331627917718368,20.9,0.40366347060649066,13.0,21.7
-0.6643441380100222,-0.6001560723895774,10.01,0,0.547,6.715,81.6,2.6775,6,0.44384280691363354,17.8,0.4266886231581444,10.16,22.8
-0.5518137667356443,-0.6001560723895774,10.01,0,0.547,5.913,92.9,2.3534,6,0.44384280691363354,17.8,0.419671433809069,16.21,18.8
-0.23627009737407179,-0.6001560723895774,10.01,0,0.547,6.092,95.4,2.548,6,0.44384280691363354,17.8,0.44105193260703296,17.09,18.7
-0.4729936613628626,-0.6001560723895774,10.01,0,0.547,6.254,84.2,2.2565,6,0.44384280691363354,17.8,0.35158276840632086,10.45,18.5
-0.3728463618720176,-0.6001560723895774,10.01,0,0.547,5.928,88.2,2.4631,6,0.44384280691363354,17.8,-0.12898505842177255,15.76,18.3
-0.5159074389064752,-0.6001560723895774,10.01,0,0.547,6.176,72.5,2.7301,6,0.44384280691363354,17.8,0.4015802425184837,12.04,21.2
-0.4408649822656029,-0.6001560723895774,10.01,0,0.547,6.021,82.6,2.7474,6,0.44384280691363354,17.8,0.41484711613157954,10.3,19.2
-0.5201035375076347,-0.6001560723895774,10.01,0,0.547,5.872,73.1,2.4775,6,0.44384280691363354,17.8,-0.19784122890957642,15.37,20.4
-0.4636987326766268,-0.6001560723895774,10.01,0,0.547,5.731,65.2,2.7592,6,0.44384280691363354,17.8,0.381844397474209,13.61,19.3
-0.8835476149312803,-0.6001560723895774,25.65,0,0.581,5.87,69.7,2.2577,2,-2.0513335801313053,19.1,0.3560781553330719,14.37,22.0
-0.8613074748108764,-0.6001560723895774,25.65,0,0.581,6.004,84.1,2.1974,2,-2.0513335801313053,19.1,0.23020732138403044,14.27,20.3
-0.7104107959402842,-0.6001560723895774,25.65,0,0.581,5.961,92.9,2.0869,2,-2.0513335801313053,19.1,0.2348123518943608,17.93,20.5
-0.4430216339819817,-0.6001560723895774,25.65,0,0.581,5.856,97.0,1.9444,2,-2.0513335801313053,19.1,0.1495096438696618,25.41,17.3
-0.6777063118038777,-0.6001560723895774,25.65,0,0.581,5.879,95.8,2.0063,2,-2.0513335801313053,19.1,0.24895637417609123,17.58,18.8
-0.3801304032263185,-0.6001560723895774,25.65,0,0.581,5.986,88.4,1.9929,2,-2.0513335801313053,19.1,0.3107953553148193,14.81,21.4
0.04308837752273269,-0.6001560723895774,25.65,0,0.581,5.613,95.6,1.7572,2,-2.0513335801313053,19.1,0.028682414765267953,27.26,15.7
-0.15702265480485927,-0.6001560723895774,21.89,0,0.624,5.693,96.0,1.7883,4,0.47127532648105136,21.2,0.3885326560725464,17.19,16.2
-0.04249908748074841,-0.6001560723895774,21.89,0,0.624,6.431,98.8,1.8125,4,0.47127532648105136,21.2,0.44105193260703296,15.39,18.0
0.42443054732434427,-0.6001560723895774,21.89,0,0.624,5.637,94.7,1.9799,4,0.47127532648105136,21.2,0.44105193260703296,18.34,14.3
-0.020728692304810382,-0.6001560723895774,21.89,0,0.624,6.458,98.9,2.1185,4,0.47127532648105136,21.2,0.4206582260612829,12.6,19.2
0.5559290095280485,-0.6001560723895774,21.89,0,0.624,6.326,97.7,2.271,4,0.47127532648105136,21.2,0.44105193260703296,12.26,19.6
0.24290349061688918,-0.6001560723895774,21.89,0,0.624,6.372,97.9,2.3274,4,0.47127532648105136,21.2,0.3189089804996878,11.12,23.0
-0.035853675941907186,-0.6001560723895774,21.89,0,0.624,5.822,95.4,2.4699,4,0.47127532648105136,21.2,0.3510345504884243,15.03,18.4
0.46937383992967874,-0.6001560723895774,21.89,0,0.624,5.757,98.4,2.346,4,0.47127532648105136,21.2,-1.0297070975257625,17.31,15.6
0.21676476518060472,-0.6001560723895774,21.89,0,0.624,6.335,98.2,2.1107,4,0.47127532648105136,21.2,0.41660141346884866,16.96,18.1
-0.04677464826755803,-0.6001560723895774,21.89,0,0.624,5.942,93.5,1.9669,4,0.47127532648105136,21.2,0.23656664923162987,16.9,17.4
-0.0032606263795458687,-0.6001560723895774,21.89,0,0.624,6.454,98.4,1.8498,4,0.47127532648105136,21.2,0.4101324420376694,14.59,17.1
-0.17578273788546572,-0.6001560723895774,21.89,0,0.624,5.857,98.2,1.6686,4,0.47127532648105136,21.2,0.38776515098749165,21.32,13.3
0.20553048439945554,-0.6001560723895774,21.89,0,0.624,6.151,97.9,1.6687,4,0.47127532648105136,21.2,0.44105193260703296,18.46,17.8
-0.0985309467334225,-0.6001560723895774,21.89,0,0.624,6.174,93.6,1.6119,4,0.47127532648105136,21.2,0.3443462918900864,24.16,14.0
0.6863191838088443,-0.6001560723895774,21.89,0,0.624,5.019,100.0,1.4394,4,0.47127532648105136,21.2,0.44105193260703296,34.41,14.4
0.9673288535880203,-0.6001560723895774,19.58,1,0.871,5.403,100.0,1.3216,5,0.27461835231699916,14.7,0.44105193260703296,26.82,13.4
1.0457613138039785,-0.6001560723895774,19.58,0,0.871,5.468,100.0,1.4118,5,0.27461835231699916,14.7,0.44105193260703296,26.42,15.6
0.8993586084679017,-0.6001560723895774,19.58,0,0.871,4.903,97.8,1.3459,5,0.27461835231699916,14.7,0.44105193260703296,29.29,11.8
0.8387597167939683,-0.6001560723895774,19.58,0,0.871,6.13,100.0,1.4191,5,0.27461835231699916,14.7,-2.014854695985817,27.8,13.8
0.7996001591101385,-0.6001560723895774,19.58,0,0.871,5.628,100.0,1.5166,5,0.27461835231699916,14.7,-2.054764960408684,16.65,15.6
0.8369836650943947,-0.6001560723895774,19.58,0,0.871,4.926,95.7,1.4608,5,0.27461835231699916,14.7,0.3841469127293742,29.53,14.6
0.830677355827916,-0.6001560723895774,19.58,0,0.871,5.186,93.8,1.5296,5,0.27461835231699916,14.7,0.0034643905420279333,28.32,17.8
0.8929428813581543,-0.6001560723895774,19.58,0,0.871,5.597,94.9,1.5257,5,0.27461835231699916,14.7,-0.05289241141773474,21.45,15.4
0.6933114738505798,-0.6001560723895774,19.58,0,0.871,6.122,97.3,1.618,5,0.27461835231699916,14.7,0.17681089618090884,14.1,21.5
0.6513016583994943,-0.6001560723895774,19.58,0,0.871,5.404,100.0,1.5916,5,0.27461835231699916,14.7,-0.16527708458652215,13.28,19.6
0.531433662344685,-0.6001560723895774,19.58,1,0.871,5.012,88.0,1.6102,5,0.27461835231699916,14.7,-0.14685696254519978,12.12,15.3
0.7985148823547374,-0.6001560723895774,19.58,0,0.871,5.709,98.5,1.6232,5,0.27461835231699916,14.7,-1.0385882277956862,15.79,19.4
0.6276775368768975,-0.6001560723895774,19.58,1,0.871,6.129,96.0,1.7494,5,0.27461835231699916,14.7,-0.39092357959273244,15.12,17.0
0.9908434764616082,-0.6001560723895774,19.58,1,0.871,6.152,82.6,1.7455,5,0.27461835231699916,14.7,-2.945728720574116,15.02,15.6
0.8497156174415414,-0.6001560723895774,19.58,0,0.871,5.272,94.0,1.7364,5,0.27461835231699916,14.7,-2.938930818392199,16.14,13.1
0.5667301235308826,-0.6001560723895774,19.58,0,0.605,6.943,97.4,1.8773,5,0.27461835231699916,14.7,0.0740748583670999,4.59,41.3
0.6060674422758183,-0.6001560723895774,19.58,0,0.605,6.066,100.0,1.7573,5,0.27461835231699916,14.7,-0.030525120367556967,6.43,24.3
0.6309662008266174,-0.6001560723895774,19.58,0,0.871,6.51,100.0,1.7659,5,0.27461835231699916,14.7,0.08372349372207882,7.39,23.3
0.5836827624339654,-0.6001560723895774,19.58,1,0.605,6.25,92.6,1.7984,5,0.27461835231699916,14.7,-0.19466156498577622,5.5,27.0
0.6420388827499508,-0.6001560723895774,19.58,0,0.605,7.489,90.8,1.9709,5,0.27461835231699916,14.7,0.1946828003043356,1.73,50.0
0.7347588062365944,-0.6001560723895774,19.58,1,0.605,7.802,98.2,2.0407,5,0.27461835231699916,14.7,0.3611217601777205,1.92,50.0
0.6575494067571929,-0.6001560723895774,19.58,1,0.605,8.375,93.9,2.162,5,0.27461835231699916,14.7,0.3484031044825207,3.32,50.0
0.8153629904672604,-0.6001560723895774,19.58,0,0.605,5.854,91.8,2.422,5,0.27461835231699916,14.7,0.42142573114633813,11.64,22.7
0.9188325679508638,-0.6001560723895774,19.58,0,0.605,6.101,93.0,2.2834,5,0.27461835231699916,14.7,-1.2775015964149914,9.81,25.0
0.7718032923145601,-0.6001560723895774,19.58,0,0.605,7.929,96.2,2.0459,5,0.27461835231699916,14.7,0.13843564192815222,3.7,50.0
0.7272769599783643,-0.6001560723895774,19.58,0,0.605,5.877,79.2,2.4259,5,0.27461835231699916,14.7,-1.4151042938070189,12.14,23.8
0.8254664012505418,-0.6001560723895774,19.58,0,0.605,6.319,96.1,2.1,5,0.27461835231699916,14.7,-0.6533006750980092,11.1,23.8
0.8501718382212952,-0.6001560723895774,19.58,0,0.605,6.402,95.2,2.2625,5,0.27461835231699916,14.7,-0.29202506720419913,11.32,22.3
0.5610716222244971,-0.6001560723895774,19.58,0,0.605,5.875,94.6,2.4259,5,0.27461835231699916,14.7,-0.705929595216075,14.43,17.4
0.8277755965045291,-0.6001560723895774,19.58,0,0.605,5.88,97.3,2.3887,5,0.27461835231699916,14.7,-0.09367982450923681,12.03,19.1
-0.4852874506573602,-0.6001560723895774,4.05,0,0.51,5.572,88.5,2.5961,5,-0.5561966312145376,16.6,0.44105193260703296,14.69,23.1
-0.7178932619007389,-0.6001560723895774,4.05,0,0.51,6.416,84.1,2.6463,5,-0.5561966312145376,16.6,0.425701830905931,9.04,23.6
-0.7655516940087183,-0.6001560723895774,4.05,0,0.51,5.859,68.7,2.7019,5,-0.5561966312145376,16.6,0.40081273743342893,9.64,22.6
-0.9039971389967986,-0.6001560723895774,4.05,0,0.51,6.546,33.1,3.1323,5,-0.5561966312145376,16.6,0.37592364396092637,5.33,29.4
-0.8731481979894614,-0.6001560723895774,4.05,0,0.51,6.02,47.2,3.5549,5,-0.5561966312145376,16.6,0.40081273743342893,10.11,23.2
-1.0268589722442583,-0.6001560723895774,4.05,0,0.51,6.315,73.4,3.3175,5,-0.5561966312145376,16.6,0.42679826674172416,6.29,24.6
-0.905952132550344,-0.6001560723895774,4.05,0,0.51,6.86,74.4,2.9153,5,-0.5561966312145376,16.6,0.3793225950518847,6.92,29.9
-0.9887301293985985,-0.6001560723895774,2.46,0,0.488,6.98,58.4,2.829,3,-1.954821759252971,17.8,0.44105193260703296,5.04,37.2
-0.9107811635791739,-0.6001560723895774,2.46,0,0.488,7.765,83.3,2.741,3,-1.954821759252971,17.8,0.4263596924074069,7.56,39.8
-0.8844875880613561,-0.6001560723895774,2.46,0,0.488,6.144,62.2,2.5979,3,-1.954821759252971,17.8,0.44105193260703296,9.45,36.2
-0.7225861595139474,-0.6001560723895774,2.46,0,0.488,7.155,92.2,2.7006,3,-1.954821759252971,17.8,0.4105710163719867,4.82,37.9
-0.6686274578882068,-0.6001560723895774,2.46,0,0.488,6.563,95.6,2.847,3,-1.954821759252971,17.8,0.44105193260703296,5.68,32.5
-0.7751295450172098,-0.6001560723895774,2.46,0,0.488,5.604,89.8,2.9879,3,-1.954821759252971,17.8,0.37636221829524363,13.98,26.4
-0.961711781798194,-0.6001560723895774,2.46,0,0.488,6.153,68.8,3.2797,3,-1.954821759252971,17.8,0.33371086428289415,13.15,29.6
-1.0075163043886977,-0.6001560723895774,2.46,0,0.488,7.831,53.6,3.1992,3,-1.954821759252971,17.8,0.3942341224186704,4.45,50.0
-0.8061409031715744,1.674056414394417,3.44,0,0.437,6.782,41.1,3.7886,5,0.24355481580702007,15.2,0.40782992678250424,6.68,32.0
-0.5407100132893871,1.674056414394417,3.44,0,0.437,6.556,29.1,4.5667,5,0.24355481580702007,15.2,0.2868930540945306,4.56,29.8
-0.7708356945454559,1.674056414394417,3.44,0,0.437,7.185,38.9,4.5667,5,0.24355481580702007,15.2,0.44105193260703296,5.39,34.9
-0.7247908401669644,1.674056414394417,3.44,0,0.437,6.951,21.5,6.4798,5,0.24355481580702007,15.2,0.23031696496760976,5.1,37.0
-0.8825240724648356,1.674056414394417,3.44,0,0.437,6.739,30.8,6.4798,5,0.24355481580702007,15.2,0.3622181960135132,4.69,30.5
-0.7509422318430207,1.674056414394417,3.44,0,0.437,7.178,26.3,6.4798,5,0.24355481580702007,15.2,0.37077039553269897,2.87,36.4
-1.5982666336250908,1.681073282989491,2.93,0,0.401,6.8,9.9,6.2196,1,-0.8884230824951587,15.6,0.40234774760353886,5.03,31.1
-1.8749708621191485,1.681073282989491,2.93,0,0.401,6.604,18.8,6.2196,1,-0.8884230824951587,15.6,0.21957189377683767,4.38,29.1
-1.902503826636575,1.6874834813598514,0.46,0,0.422,7.875,32.0,5.6484,4,-1.0085396360333596,14.4,0.4117770957913592,2.97,50.0
-1.2117492087873751,1.6874834813598514,1.52,0,0.404,7.287,34.1,7.309,2,-0.2563220084379671,12.6,0.44105193260703296,4.08,33.3
-1.1184737724660667,1.6874834813598514,1.52,0,0.404,7.107,36.6,7.309,2,-0.2563220084379671,12.6,-0.025920089857226134,8.61,30.3
-1.2506684231339544,1.6874834813598514,1.52,0,0.404,7.274,38.3,7.309,2,-0.2563220084379671,12.6,0.3895194483247602,6.62,34.6
-1.3634281236472876,1.6910451007706973,1.47,0,0.403,6.975,15.3,7.6534,3,0.2684528249882663,17.0,0.44105193260703296,4.56,34.9
-1.734281838033803,1.6910451007706973,1.47,0,0.403,7.135,13.9,7.6534,3,0.2684528249882663,17.0,0.30290101729710944,4.45,32.9
-1.3068598129241893,1.6881354500561234,2.03,0,0.415,6.162,38.4,6.27,2,-0.10368061195106629,14.7,0.4067334909467111,7.43,24.1
-1.601257266287408,1.6881354500561234,2.03,0,0.415,7.61,15.7,6.27,2,-0.10368061195106629,14.7,0.4243861079029792,3.11,42.3
-1.295103340328965,1.6910451007706973,2.68,0,0.4161,7.853,33.2,5.118,4,-1.4316398517971736,14.7,0.39587877617235967,3.81,48.5
-1.6538164443693033,1.6910451007706973,2.68,0,0.4161,8.034,31.9,5.118,4,-1.4316398517971736,14.7,0.37142825703417487,2.88,50.0
-0.4960866396807519,-0.6001560723895774,10.59,0,0.489,5.891,22.3,3.9454,4,-0.7531022182737153,18.6,0.44105193260703296,10.87,22.6
-0.21892728435270434,-0.6001560723895774,10.59,0,0.489,6.326,52.5,4.3549,4,-0.7531022182737153,18.6,0.4187942851404345,10.97,24.4
-0.17131931023487348,-0.6001560723895774,10.59,0,0.489,5.783,72.7,4.3549,4,-0.7531022182737153,18.6,0.35914817567329277,18.06,22.5
-0.49829935844922196,-0.6001560723895774,10.59,1,0.489,6.064,59.1,4.2392,4,-0.7531022182737153,18.6,0.27022722939047633,14.66,24.4
0.09992964697659153,-0.6001560723895774,10.59,1,0.489,5.344,100.0,3.875,4,-0.7531022182737153,18.6,0.44105193260703296,23.09,20.0
-0.3632216726987257,-0.6001560723895774,10.59,1,0.489,5.96,92.1,3.8771,4,-0.7531022182737153,18.6,0.40103202460058707,17.27,21.7
0.028311157217501624,-0.6001560723895774,10.59,1,0.489,5.404,88.6,3.665,4,-0.7531022182737153,18.6,0.4228510977328687,23.98,19.3
-0.24792242280396984,-0.6001560723895774,10.59,1,0.489,5.807,53.8,3.6526,4,-0.7531022182737153,18.6,0.37570435679376774,16.03,22.4
-0.4798977368290253,-0.6001560723895774,10.59,0,0.489,6.375,32.3,3.9454,4,-0.7531022182737153,18.6,0.31945719841758435,9.38,28.1
-0.10087019835931119,-0.6001560723895774,10.59,0,0.489,5.412,9.8,3.5875,4,-0.7531022182737153,18.6,-0.08490833782289194,29.55,23.7
-0.2962070924839051,-0.6001560723895774,10.59,0,0.489,6.182,42.4,3.9454,4,-0.7531022182737153,18.6,0.40519848077660064,9.47,25.0
-1.1325590896255582,-0.6001560723895774,13.89,1,0.55,5.888,56.0,3.1121,5,-0.7640351432057285,16.4,0.39609806333951875,13.51,23.3
-0.8739022953878431,-0.6001560723895774,13.89,0,0.55,6.642,85.1,3.4211,5,-0.7640351432057285,16.4,0.39587877617235967,9.69,28.7
-0.611862422788537,-0.6001560723895774,13.89,1,0.55,5.951,93.8,2.8893,5,-0.7640351432057285,16.4,0.44105193260703296,17.92,21.5
-0.5941568252695494,-0.6001560723895774,13.89,1,0.55,6.373,92.4,3.3633,5,-0.7640351432057285,16.4,0.4064045601959731,10.5,23.0
0.004706981672221284,-0.6001560723895774,6.2,1,0.507,6.951,88.5,2.8617,8,-0.4507885703002324,17.4,0.38403726914579484,9.71,26.7
0.06793395752855722,-0.6001560723895774,6.2,1,0.507,6.164,91.3,3.048,8,-0.4507885703002324,17.4,0.4228510977328687,21.46,21.7
0.268408777651418,-0.6001560723895774,6.2,1,0.507,6.879,77.7,3.2721,8,-0.4507885703002324,17.4,0.36967395969690575,9.93,27.5
0.2618167985842839,-0.6001560723895774,6.2,0,0.507,6.618,80.8,3.2721,8,-0.4507885703002324,17.4,0.44105193260703296,7.6,30.1
-0.05817536603753818,-0.6001560723895774,6.2,0,0.504,8.266,78.3,2.8944,8,-0.4507885703002324,17.4,0.31112428606555725,4.14,44.8
0.19014706182616697,-0.6001560723895774,6.2,0,0.504,8.725,83.0,2.8944,8,-0.4507885703002324,17.4,0.2776829930738694,4.63,50.0
0.036495964022683645,-0.6001560723895774,6.2,0,0.504,8.04,86.5,3.2157,8,-0.4507885703002324,17.4,0.3366712410395352,3.13,37.6
0.07343774350277614,-0.6001560723895774,6.2,0,0.504,7.163,79.9,3.2157,8,-0.4507885703002324,17.4,0.1689165581631985,6.36,31.6
-0.08610461969733701,-0.6001560723895774,6.2,0,0.504,7.686,17.0,3.3751,8,-0.4507885703002324,17.4,0.22845302404676138,3.92,46.7
0.10656325083738175,-0.6001560723895774,6.2,0,0.504,6.552,21.4,3.3751,8,-0.4507885703002324,17.4,0.2594821581997042,3.76,31.5
0.19902272748950353,-0.6001560723895774,6.2,0,0.504,5.981,68.1,3.6715,8,-0.4507885703002324,17.4,0.23766308506742304,11.65,24.3
0.12893754516700967,-0.6001560723895774,6.2,0,0.504,7.412,76.9,3.6715,8,-0.4507885703002324,17.4,0.2134318530963964,5.25,31.7
0.23115120853385118,-0.6001560723895774,6.2,0,0.507,8.337,73.3,3.8384,8,-0.4507885703002324,17.4,0.3205536342533775,2.47,41.7
-0.03338143454900539,-0.6001560723895774,6.2,0,0.507,8.247,70.4,3.6519,8,-0.4507885703002324,17.4,0.2442417000821811,3.95,48.3
0.11315998484927166,-0.6001560723895774,6.2,1,0.507,6.726,66.5,3.6519,8,-0.4507885703002324,17.4,0.03865998087098436,8.05,29.0
-0.03490810487402084,-0.6001560723895774,6.2,0,0.507,6.086,61.5,3.6519,8,-0.4507885703002324,17.4,0.22012011169473425,10.88,24.0
0.18445227402081169,-0.6001560723895774,6.2,1,0.507,6.631,76.5,4.148,8,-0.4507885703002324,17.4,0.3484031044825207,9.54,25.1
0.17647677468636302,-0.6001560723895774,6.2,0,0.507,7.358,71.6,4.148,8,-0.4507885703002324,17.4,0.36616536502236813,4.73,31.5
-0.7795992155386898,1.6630247792573314,4.93,0,0.428,6.481,18.5,6.1899,6,-0.5171847580643145,16.6,0.24928530492682968,6.36,23.7
-0.713304340744533,1.6630247792573314,4.93,0,0.428,6.606,42.2,6.1899,6,-0.5171847580643145,16.6,0.29719955095098494,7.37,23.3
-0.598870490904456,1.6630247792573314,4.93,0,0.428,6.897,54.3,6.3361,6,-0.5171847580643145,16.6,0.37910330788472607,11.38,22.0
-0.6355396915127475,1.6630247792573314,4.93,0,0.428,6.095,65.1,6.3361,6,-0.5171847580643145,16.6,0.41605319555095205,12.4,20.1
-0.6529115523140937,1.6630247792573314,4.93,0,0.428,6.358,52.9,7.0355,6,-0.5171847580643145,16.6,0.17626267826301226,11.22,22.2
-0.5329523642193884,1.6630247792573314,4.93,0,0.428,6.393,7.8,7.0355,6,-0.5171847580643145,16.6,0.19775282064455552,5.19,23.7
-0.275297833417617,1.653584495053931,5.86,0,0.431,5.593,76.5,7.9549,7,-0.24795533063219669,19.1,0.1734119450899505,12.5,17.6
-0.3142948512788736,1.653584495053931,5.86,0,0.431,5.605,70.2,7.9549,7,-0.24795533063219669,19.1,0.3558588681659138,18.46,18.5
-0.02106280959621701,1.653584495053931,5.86,0,0.431,6.108,34.9,8.0555,7,-0.24795533063219669,19.1,0.3673714444417406,9.16,24.3
-0.30006913973816335,1.653584495053931,5.86,0,0.431,6.226,79.2,8.0555,7,-0.24795533063219669,19.1,0.2134318530963964,10.15,20.5
-0.39500527273064934,1.653584495053931,5.86,0,0.431,6.433,49.1,7.8265,7,-0.24795533063219669,19.1,0.19775282064455552,9.52,24.5
-0.31595136316474653,1.653584495053931,5.86,0,0.431,6.718,17.5,7.8265,7,-0.24795533063219669,19.1,0.4064045601959731,6.56,26.2
-0.4807530176582625,1.653584495053931,5.86,0,0.431,6.487,13.0,7.3967,7,-0.24795533063219669,19.1,0.4342540304251163,5.9,24.4
-0.2554012816675273,1.653584495053931,5.86,0,0.431,6.438,8.9,7.3967,7,-0.24795533063219669,19.1,0.2236287063692719,3.59,24.8
-0.7812148779709741,1.653584495053931,5.86,0,0.431,6.957,6.8,8.9067,7,-0.24795533063219669,19.1,0.32252721875780477,3.53,29.6
0.019334346438104708,1.653584495053931,5.86,0,0.431,8.259,8.4,8.9067,7,-0.24795533063219669,19.1,0.44105193260703296,3.54,42.8
-1.098749294329454,1.6874834813598514,3.64,0,0.392,6.108,32.0,9.2203,1,-0.3776795140302055,16.4,0.3970848555917321,6.57,21.9
-1.2883394803045451,1.6874834813598514,3.64,0,0.392,5.876,19.1,9.2203,1,-0.3776795140302055,16.4,0.4221932362313933,9.25,20.9
-1.830554404430501,1.6899452234348722,3.75,0,0.394,7.454,34.2,6.3361,3,-1.1492541098871685,15.9,0.3252683083472872,3.11,44.0
0.25943999948741914,1.6504937563106896,3.97,0,0.647,8.704,86.9,1.801,5,-0.9001216352033778,13.0,0.3621085524299339,5.12,50.0
0.2968864060371179,1.6504937563106896,3.97,0,0.647,7.333,100.0,1.8946,5,-0.9001216352033778,13.0,0.29182701535559985,7.79,36.0
0.292134821165792,1.6504937563106896,3.97,0,0.647,6.842,100.0,2.0107,5,-0.9001216352033778,13.0,0.38655907156811914,6.9,30.1
0.20172636352890624,1.6504937563106896,3.97,0,0.647,7.203,81.8,2.1121,5,-0.9001216352033778,13.0,0.39609806333951875,9.59,33.8
0.19650340274180791,1.6504937563106896,3.97,0,0.647,7.52,89.4,2.1398,5,-0.9001216352033778,13.0,0.3475259558138866,7.26,43.1
0.18405480498009255,1.6504937563106896,3.97,0,0.647,8.398,91.5,2.2885,5,-0.9001216352033778,13.0,0.3309697746934117,5.91,48.8
0.39530511877711433,1.6504937563106896,3.97,0,0.647,7.327,94.5,2.0788,5,-0.9001216352033778,13.0,0.4028959655214355,11.25,31.0
0.210269388399894,1.6504937563106896,3.97,0,0.647,7.206,91.6,1.9301,5,-0.9001216352033778,13.0,0.34226306380207944,8.1,36.5
0.35939250523797683,1.6504937563106896,3.97,0,0.647,5.56,62.8,1.9865,5,-0.9001216352033778,13.0,0.3917123199963461,10.45,22.8
0.37336221852838586,1.6504937563106896,3.97,0,0.647,7.014,84.6,2.1329,5,-0.9001216352033778,13.0,0.30037921487478514,14.79,30.7
0.23360708830142707,1.6504937563106896,3.97,0,0.575,8.297,67.0,2.4216,5,-0.9001216352033778,13.0,0.30553246330301304,7.44,50.0
0.2020641778097865,1.6504937563106896,3.97,0,0.575,7.47,52.6,2.872,5,-0.9001216352033778,13.0,0.36868716744469243,3.16,43.5
-0.7249802507103712,1.6504937563106896,6.96,1,0.464,5.92,61.5,3.9175,3,-1.446765725333138,18.6,0.38009010013693945,13.65,20.7
-0.08447674883081166,1.6504937563106896,6.96,0,0.464,5.856,42.1,4.429,3,-1.446765725333138,18.6,0.35059597615410654,13.0,21.1
-0.40250240208710486,1.6504937563106896,6.96,0,0.464,6.24,16.3,4.429,3,-1.446765725333138,18.6,0.44105193260703296,6.59,25.2
-0.5924492161027876,1.6504937563106896,6.96,0,0.464,6.538,58.7,3.9175,3,-1.446765725333138,18.6,0.41978107739264836,7.73,24.4
-0.2368306549187696,1.6504937563106896,6.96,1,0.464,7.691,51.8,4.3665,3,-1.446765725333138,18.6,0.37384041587291933,6.58,35.2
-1.0030250525618123,1.670995403034718,6.41,1,0.447,6.758,32.9,4.0776,4,-1.0209466128726918,17.6,0.44105193260703296,3.53,32.4
-0.6920183219607245,1.670995403034718,6.41,0,0.447,6.854,42.8,4.2673,4,-1.0209466128726918,17.6,0.44105193260703296,2.98,32.0
-0.643181409428258,1.670995403034718,6.41,1,0.447,7.267,49.0,4.7872,4,-1.0209466128726918,17.6,0.3571745911688651,6.05,33.2
-0.9538712974849769,1.670995403034718,6.41,1,0.447,6.826,27.6,4.8628,4,-1.0209466128726918,17.6,0.4032248962721734,4.16,33.1
-0.7985961991083627,1.670995403034718,6.41,0,0.447,6.482,32.1,4.1403,4,-1.0209466128726918,17.6,0.44105193260703296,7.19,29.1
-0.26451189382975027,1.6504937563106896,3.33,0,0.4429,6.812,32.2,4.1007,5,-1.5556217731501016,14.9,0.44105193260703296,4.85,35.1
-1.2830550233050078,1.6504937563106896,3.33,0,0.4429,7.82,64.5,4.6947,5,-1.5556217731501016,14.9,0.33590373595448,3.76,45.4
-1.2612061611397811,1.6504937563106896,3.33,0,0.4429,6.968,37.2,5.2447,5,-1.5556217731501016,14.9,0.3898483790754982,4.59,35.4
-0.953676731380362,1.6504937563106896,3.33,1,0.4429,7.645,49.7,5.2119,5,-1.5556217731501016,14.9,0.2236287063692719,3.01,46.0
-1.8467940813852326,1.6899452234348722,1.21,1,0.401,7.923,24.8,5.885,1,-1.862050501795251,13.6,0.42592111807308913,3.16,50.0
-2.186782867770845,1.6899452234348722,2.97,0,0.4,7.088,20.8,7.3073,1,-0.6677555945311952,15.3,0.4171496313867452,7.85,32.2
-2.058002350793863,1.6790175089758075,2.25,0,0.389,6.453,31.9,7.3073,1,-0.5171847580643145,15.3,0.4171496313867452,8.23,22.0
-1.668358511500382,1.6874834813598514,1.76,0,0.385,6.23,31.5,9.0892,1,-1.1893219470729939,18.2,-0.16527708458652215,12.93,20.1
-1.233846925011367,1.6778951190772853,5.32,0,0.405,6.209,31.3,7.3172,6,-0.5859872869691235,16.6,0.44105193260703296,7.14,23.2
-1.128536601951431,1.6778951190772853,5.32,0,0.405,6.315,45.6,7.3172,6,-0.5859872869691235,16.6,0.44105193260703296,7.6,22.3
-1.1691134015552298,1.6778951190772853,5.32,0,0.405,6.565,22.9,7.3172,6,-0.5859872869691235,16.6,0.16496938915434406,9.51,24.8
-1.2965374590497385,1.6874834813598514,4.95,0,0.411,6.861,27.9,5.1167,4,-1.136064757289934,19.2,0.44105193260703296,3.33,28.5
-0.8053299743916024,1.6874834813598514,4.95,0,0.411,7.148,27.7,5.1167,4,-1.136064757289934,19.2,0.44105193260703296,3.56,37.3
-1.2766035375871543,1.6874834813598514,4.95,0,0.411,6.63,23.4,5.1167,4,-1.136064757289934,19.2,0.44105193260703296,4.7,27.9
-0.7781283901047785,-0.6001560723895774,13.92,0,0.437,6.127,18.4,5.5027,4,-0.6264398127198482,16.0,0.44105193260703296,8.58,23.9
-0.7827649752649906,-0.6001560723895774,13.92,0,0.437,6.009,42.3,5.5027,4,-0.6264398127198482,16.0,0.44105193260703296,10.4,21.7
-0.5254416986416796,-0.6001560723895774,13.92,0,0.437,6.678,31.1,5.9604,4,-0.6264398127198482,16.0,0.44105193260703296,6.27,28.6
-1.0327859805327817,-0.6001560723895774,13.92,0,0.437,6.549,51.0,5.9604,4,-0.6264398127198482,16.0,0.39664628125741536,7.39,27.1
-0.47792074702932547,-0.6001560723895774,13.92,0,0.437,5.79,58.0,6.32,4,-0.6264398127198482,16.0,0.44105193260703296,15.84,20.3
-0.9218536729682563,1.684580099214643,2.24,0,0.4,6.345,20.1,7.8278,5,-0.028350908887906284,14.8,0.1268134220687456,4.97,22.5
-1.011936457768307,1.684580099214643,2.24,0,0.4,7.041,10.0,7.8278,5,-0.028350908887906284,14.8,0.16343437898423313,4.74,29.0
-1.1521395015023084,1.684580099214643,2.24,0,0.4,6.871,47.4,7.8278,5,-0.028350908887906284,14.8,0.3748272081251337,6.07,24.8
-1.290289305251883,1.6665813242353609,6.09,0,0.433,6.59,40.4,5.4917,7,-0.2563220084379671,16.1,0.42844292049541344,9.5,22.0
-0.7124407358625543,1.6665813242353609,6.09,0,0.433,6.495,18.4,5.4917,7,-0.2563220084379671,16.1,0.29533561003013753,8.67,26.4
-0.6690804280725043,1.6665813242353609,6.09,0,0.433,6.982,17.7,5.4917,7,-0.2563220084379671,16.1,0.3701125340312235,4.86,33.1
-1.0169384796961227,1.665745706205792,2.18,0,0.472,7.236,41.1,4.022,7,-1.4619954277592757,18.4,0.4057466986944972,6.93,36.1
-1.0208851852145333,1.665745706205792,2.18,0,0.472,6.616,58.1,3.37,7,-1.4619954277592757,18.4,0.4022381040199596,8.93,28.4
-0.8343266562967612,1.665745706205792,2.18,0,0.472,7.42,71.9,3.0992,7,-1.4619954277592757,18.4,0.44105193260703296,6.47,33.4
-1.0846170954423013,1.665745706205792,2.18,0,0.472,6.849,70.3,3.1827,7,-1.4619954277592757,18.4,0.44105193260703296,7.53,28.2
0.1587656297027425,-0.6001560723895774,9.9,0,0.544,6.635,82.5,3.3175,4,-0.4789584151509857,18.4,0.44105193260703296,4.54,22.8
-0.007369537789908938,-0.6001560723895774,9.9,0,0.544,5.972,76.7,3.1025,4,-0.4789584151509857,18.4,0.43381545609079947,9.97,20.3
0.8787203347135351,-0.6001560723895774,9.9,0,0.544,4.973,37.8,2.5194,4,-0.4789584151509857,18.4,-0.06824251311883768,12.64,16.1
0.37603872262180676,-0.6001560723895774,9.9,0,0.544,6.122,52.8,2.6403,4,-0.4789584151509857,18.4,0.44105193260703296,5.98,22.1
-0.15205640350520525,-0.6001560723895774,9.9,0,0.544,6.023,90.4,2.834,4,-0.4789584151509857,18.4,0.43447331759227537,11.72,19.4
-0.13734209451305635,-0.6001560723895774,9.9,0,0.544,6.266,82.8,3.2628,4,-0.4789584151509857,18.4,0.4025670347706975,7.9,21.6
0.0196789538008122,-0.6001560723895774,9.9,0,0.544,6.567,87.3,3.6023,4,-0.4789584151509857,18.4,0.42778505899393754,9.28,23.8
-0.1681460162212274,-0.6001560723895774,9.9,0,0.544,5.705,77.7,3.945,4,-0.4789584151509857,18.4,0.4357890405952272,11.5,16.2
-0.05355504726443449,-0.6001560723895774,9.9,0,0.544,5.914,83.2,3.9986,4,-0.4789584151509857,18.4,0.37307291078786414,18.33,17.8
-0.1852597935499787,-0.6001560723895774,9.9,0,0.544,5.782,71.7,4.0317,4,-0.4789584151509857,18.4,0.44105193260703296,15.94,19.8
0.06113220956158463,-0.6001560723895774,9.9,0,0.544,6.382,67.2,3.5325,4,-0.4789584151509857,18.4,0.4225221669821308,10.36,23.1
0.14162269089553414,-0.6001560723895774,9.9,0,0.544,6.113,58.8,4.0019,4,-0.4789584151509857,18.4,0.4337058125072202,12.73,21.0
-0.3846438035000285,-0.6001560723895774,7.38,0,0.493,6.426,52.3,4.5404,5,-0.6469878990735742,19.6,0.44105193260703296,7.2,23.8
-0.34192722595116937,-0.6001560723895774,7.38,0,0.493,6.376,54.3,4.5404,5,-0.6469878990735742,19.6,0.44105193260703296,6.87,23.1
-0.0049248205817823505,-0.6001560723895774,7.38,0,0.493,6.041,49.9,4.7211,5,-0.6469878990735742,19.6,0.44105193260703296,7.7,20.4
-0.11075854658718465,-0.6001560723895774,7.38,0,0.493,5.708,74.3,4.7211,5,-0.6469878990735742,19.6,0.3777875848817743,11.74,18.5
-0.01923551317329417,-0.6001560723895774,7.38,0,0.493,6.415,40.1,4.7211,5,-0.6469878990735742,19.6,0.44105193260703296,6.12,25.0
-0.3128364001085377,-0.6001560723895774,7.38,0,0.493,6.431,14.7,5.4159,5,-0.6469878990735742,19.6,0.4057466986944972,5.08,24.6
-0.07731411104924873,-0.6001560723895774,7.38,0,0.493,6.312,28.9,5.4159,5,-0.6469878990735742,19.6,0.44105193260703296,6.15,23.0
-0.1941041909054851,-0.6001560723895774,7.38,0,0.493,6.083,43.7,5.4159,5,-0.6469878990735742,19.6,0.44105193260703296,12.79,22.2
-0.9081823963071768,-0.6001560723895774,3.24,0,0.46,5.868,25.8,5.2146,4,0.4327337722155752,16.9,0.2825073107513584,9.97,19.3
-0.8987012807734318,-0.6001560723895774,3.24,0,0.46,6.333,17.2,5.2146,4,0.4327337722155752,16.9,0.20323499982352086,7.34,22.6
-1.134716277774752,-0.6001560723895774,3.24,0,0.46,6.144,32.2,5.8736,4,0.4327337722155752,16.9,0.13043166032686257,9.09,19.8
-1.0734919337991757,1.6673852493441346,6.06,0,0.4379,5.706,28.4,6.6407,1,-0.4789584151509857,16.9,0.4094745805361935,12.43,17.1
-1.3030353816055793,1.6673852493441346,6.06,0,0.4379,6.031,23.3,6.6407,1,-0.4789584151509857,16.9,0.061136915504741936,7.83,19.4
-1.0662769048029916,-0.6001560723895774,5.19,0,0.515,6.316,38.1,6.4584,5,-1.4316398517971736,20.2,0.3622181960135132,5.68,22.2
-1.2556622602824146,-0.6001560723895774,5.19,0,0.515,6.31,38.5,6.4584,5,-1.4316398517971736,20.2,0.35881924492255435,6.75,20.7
-1.2195432845360372,-0.6001560723895774,5.19,0,0.515,6.037,34.5,5.9853,5,-1.4316398517971736,20.2,0.44105193260703296,8.01,21.1
-1.3101581213819875,-0.6001560723895774,5.19,0,0.515,5.869,46.3,5.2311,5,-1.4316398517971736,20.2,0.44105193260703296,9.8,19.5
-1.385798875203711,-0.6001560723895774,5.19,0,0.515,5.895,59.6,5.615,5,-1.4316398517971736,20.2,0.4181364236389586,10.56,18.5
-1.3328305665971356,-0.6001560723895774,5.19,0,0.515,6.059,37.3,4.8122,5,-1.4316398517971736,20.2,0.4327190202550063,8.51,20.6
-1.0189082831089742,-0.6001560723895774,5.19,0,0.515,5.985,45.4,4.8122,5,-1.4316398517971736,20.2,0.44105193260703296,9.74,19.0
-0.9515411048609306,-0.6001560723895774,5.19,0,0.515,5.968,58.5,4.8122,5,-1.4316398517971736,20.2,0.44105193260703296,9.29,18.7
-1.9425263982589809,1.6673852493441346,1.52,0,0.442,7.241,49.3,7.0379,1,-0.6782230147148927,15.5,0.41736891855390384,5.49,32.7
-1.511928892669591,-0.6001560723895774,1.89,0,0.518,6.54,59.7,6.2669,1,0.38749714921136286,15.9,0.3649592856029956,8.65,16.5
-1.5003997316039355,1.6790175089758075,3.78,0,0.484,6.696,56.4,5.7321,5,0.05791463697096079,17.6,0.44105193260703296,7.18,23.9
-1.3841276584952151,1.6790175089758075,3.78,0,0.484,6.874,28.1,6.4654,5,0.05791463697096079,17.6,0.3431402124707144,4.61,31.2
-1.3709265372877109,-0.6001560723895774,4.39,0,0.442,6.014,48.5,8.0136,3,-0.07315713945048133,18.8,0.317593257496736,10.53,17.5
-0.9504764420394086,-0.6001560723895774,4.39,0,0.442,5.898,52.3,8.0136,3,-0.07315713945048133,18.8,0.08701280122945834,12.67,17.2
-1.7009741417949316,1.6887619559002864,4.15,0,0.429,6.516,27.7,8.5353,4,-0.08073823732899292,17.9,0.392041250747084,6.36,23.1
-1.8467940813852326,1.6874834813598514,2.01,0,0.435,6.635,29.7,8.344,4,-0.720661544516037,17.0,0.37570435679376774,5.99,24.5
-1.4162811637632855,1.670995403034718,1.25,0,0.429,6.939,34.5,8.7921,1,-0.20669493167718506,19.7,0.3637532061836236,5.89,26.6
-0.9457591344067686,1.670995403034718,1.25,0,0.429,6.49,44.4,8.7921,1,-0.20669493167718506,19.7,0.44105193260703296,5.98,22.9
-0.8006364904138666,1.681073282989491,1.69,0,0.411,6.579,35.9,10.7103,4,0.3231160102568249,18.3,0.15466289229788874,5.49,24.1
-0.8548773602108684,1.681073282989491,1.69,0,0.411,5.884,18.5,10.7103,4,0.3231160102568249,18.3,0.39094481491129085,7.79,18.6
-1.7604835898212237,1.6899452234348722,2.02,0,0.41,6.728,36.1,12.1265,5,-2.071106956687896,17.0,0.304655314634378,4.5,30.1
-1.1685392951350497,1.6874834813598514,1.91,0,0.413,5.663,21.9,10.5857,4,-0.21487157651114017,22.0,0.2864544797602138,8.05,18.2
-0.6330529650019816,1.6874834813598514,1.91,0,0.413,5.936,19.5,10.5857,4,-0.21487157651114017,22.0,0.2123354172606037,5.57,20.6
1.3221781883927801,-0.6001560723895774,18.1,1,0.77,6.212,97.4,2.1222,24,1.3695749159354178,20.2,0.23086518288550634,17.6,17.8
1.022682511719902,-0.6001560723895774,18.1,1,0.77,6.395,91.0,2.5052,24,1.3695749159354178,20.2,0.38009010013693945,13.27,21.7
1.132529706568101,-0.6001560723895774,18.1,1,0.77,6.127,83.4,2.7227,24,1.3695749159354178,20.2,0.42493432582087576,11.48,22.7
1.0601913549701654,-0.6001560723895774,18.1,0,0.77,6.112,81.3,2.5091,24,1.3695749159354178,20.2,0.37351148512218185,12.67,22.6
1.0835103032061852,-0.6001560723895774,18.1,0,0.77,6.398,88.0,2.5182,24,1.3695749159354178,20.2,0.19610816689086624,7.79,25.0
1.0214392800038845,-0.6001560723895774,18.1,0,0.77,6.251,91.1,2.2955,24,1.3695749159354178,20.2,-0.06604964144725183,14.19,19.9
1.0057102428950122,-0.6001560723895774,18.1,0,0.77,5.362,96.2,2.1036,24,1.3695749159354178,20.2,0.2644161194607735,10.19,20.8
1.0568218654806854,-0.6001560723895774,18.1,1,0.77,5.803,89.0,1.9047,24,1.3695749159354178,20.2,-0.03984482497179746,14.64,16.8
0.9843343874076682,-0.6001560723895774,18.1,1,0.718,8.78,82.9,1.9047,24,1.3695749159354178,20.2,-0.023288643851322524,5.29,21.9
1.084627221252744,-0.6001560723895774,18.1,0,0.718,3.561,87.9,1.6132,24,1.3695749159354178,20.2,-0.021643990097633254,7.12,27.5
1.007606652189918,-0.6001560723895774,18.1,0,0.718,4.963,91.4,1.7523,24,1.3695749159354178,20.2,-0.4456357277988054,14.0,21.9
1.456337848363156,-0.6001560723895774,18.1,0,0.631,3.863,100.0,1.5106,24,1.3695749159354178,20.2,-2.469765924256353,13.33,23.1
1.1108986869583952,-0.6001560723895774,18.1,0,0.631,4.97,100.0,1.3325,24,1.3695749159354178,20.2,0.20663395091447923,3.26,50.0
1.1632685849160767,-0.6001560723895774,18.1,1,0.631,6.683,96.8,1.3567,24,1.3695749159354178,20.2,0.2045507228264727,3.73,50.0
1.2134307112458025,-0.6001560723895774,18.1,1,0.631,7.016,97.5,1.2024,24,1.3695749159354178,20.2,0.38787479457107094,2.96,50.0
1.3313632427724957,-0.6001560723895774,18.1,0,0.631,6.216,100.0,1.1691,24,1.3695749159354178,20.2,0.10389791310067074,9.53,50.0
1.2941412352825963,-0.6001560723895774,18.1,1,0.668,5.875,89.6,1.1296,24,1.3695749159354178,20.2,-0.09642091409871927,8.88,50.0
1.3926417524242138,-0.6001560723895774,18.1,0,0.668,4.906,100.0,1.1742,24,1.3695749159354178,20.2,0.44105193260703296,34.77,13.8
1.554809802503099,-0.6001560723895774,18.1,0,0.668,4.138,100.0,1.137,24,1.3695749159354178,20.2,0.44105193260703296,37.97,13.8
1.5727376957099797,-0.6001560723895774,18.1,0,0.671,7.313,97.9,1.3163,24,1.3695749159354178,20.2,0.44105193260703296,13.44,15.0
1.4953453760949043,-0.6001560723895774,18.1,0,0.671,6.649,93.3,1.3449,24,1.3695749159354178,20.2,0.06957947144034837,23.24,13.9
1.3520760049481746,-0.6001560723895774,18.1,0,0.671,6.794,98.8,1.358,24,1.3695749159354178,20.2,0.44105193260703296,21.24,13.3
1.6294816612180896,-0.6001560723895774,18.1,0,0.671,6.38,96.2,1.3861,24,1.3695749159354178,20.2,0.44105193260703296,23.69,13.1
1.5440731780149315,-0.6001560723895774,18.1,0,0.671,6.223,100.0,1.3861,24,1.3695749159354178,20.2,0.4064045601959731,21.78,10.2
1.996895702397022,-0.6001560723895774,18.1,0,0.671,6.968,91.9,1.4165,24,1.3695749159354178,20.2,0.44105193260703296,17.21,10.4
1.5071946963564569,-0.6001560723895774,18.1,0,0.671,6.545,99.1,1.5192,24,1.3695749159354178,20.2,0.44105193260703296,21.08,10.9
1.329716014099555,-0.6001560723895774,18.1,0,0.7,5.536,100.0,1.5804,24,1.3695749159354178,20.2,0.44105193260703296,23.6,11.3
1.2826480942621672,-0.6001560723895774,18.1,0,0.7,5.52,100.0,1.5331,24,1.3695749159354178,20.2,0.44105193260703296,24.56,12.3
1.580071706887135,-0.6001560723895774,18.1,0,0.7,4.368,91.2,1.4395,24,1.3695749159354178,20.2,-0.7767593502083061,30.63,8.8
1.5251550437829646,-0.6001560723895774,18.1,0,0.7,5.277,98.1,1.4261,24,1.3695749159354178,20.2,0.44105193260703296,30.81,7.2
1.6387653445610089,-0.6001560723895774,18.1,0,0.7,4.652,100.0,1.4672,24,1.3695749159354178,20.2,0.44105193260703296,28.28,10.5
1.6158225989613515,-0.6001560723895774,18.1,0,0.7,5.0,89.5,1.5184,24,1.3695749159354178,20.2,0.44105193260703296,31.99,7.4
1.474931210200899,-0.6001560723895774,18.1,0,0.7,4.88,100.0,1.5895,24,1.3695749159354178,20.2,0.17812661918386066,30.62,10.2
1.2893624870705696,-0.6001560723895774,18.1,0,0.7,5.39,98.9,1.7281,24,1.3695749159354178,20.2,0.44105193260703296,20.85,11.5
1.2352399672931866,-0.6001560723895774,18.1,0,0.7,5.713,97.0,1.9265,24,1.3695749159354178,20.2,0.413969967462945,17.11,15.1
1.1387592416616037,-0.6001560723895774,18.1,0,0.7,6.051,82.5,2.1678,24,1.3695749159354178,20.2,0.23799201581816098,18.76,23.2
1.4061821556271392,-0.6001560723895774,18.1,0,0.7,5.036,97.0,1.77,24,1.3695749159354178,20.2,0.44105193260703296,25.68,9.7
1.3092535052530714,-0.6001560723895774,18.1,0,0.693,6.193,92.6,1.7912,24,1.3695749159354178,20.2,0.44105193260703296,15.17,13.8
1.4524670307432175,-0.6001560723895774,18.1,0,0.693,5.887,94.7,1.7821,24,1.3695749159354178,20.2,0.44105193260703296,16.35,12.7
1.3120515171434046,-0.6001560723895774,18.1,0,0.693,6.471,98.8,1.7257,24,1.3695749159354178,20.2,0.38710728948601575,17.12,13.1
1.1756686974093016,-0.6001560723895774,18.1,0,0.693,6.405,96.0,1.6768,24,1.3695749159354178,20.2,0.44105193260703296,19.37,12.5
1.2686721641006014,-0.6001560723895774,18.1,0,0.693,5.747,98.9,1.6334,24,1.3695749159354178,20.2,0.3993873708468978,19.92,8.5
1.7702792474952624,-0.6001560723895774,18.1,0,0.693,5.453,100.0,1.4896,24,1.3695749159354178,20.2,0.44105193260703296,30.59,5.0
1.3552091250298692,-0.6001560723895774,18.1,0,0.693,5.852,77.8,1.5004,24,1.3695749159354178,20.2,-0.20299447733780335,29.97,6.3
1.6466306877753272,-0.6001560723895774,18.1,0,0.693,5.987,100.0,1.5888,24,1.3695749159354178,20.2,0.44105193260703296,26.77,5.6
1.4727603258043296,-0.6001560723895774,18.1,0,0.693,6.343,100.0,1.5741,24,1.3695749159354178,20.2,0.44105193260703296,20.32,7.2
1.3442649636104662,-0.6001560723895774,18.1,0,0.693,6.404,100.0,1.639,24,1.3695749159354178,20.2,0.21310292234565892,20.31,12.1
1.6437108785512793,-0.6001560723895774,18.1,0,0.693,5.349,96.0,1.7028,24,1.3695749159354178,20.2,0.44105193260703296,19.77,8.3
1.7926934611397498,-0.6001560723895774,18.1,0,0.693,5.531,85.4,1.6074,24,1.3695749159354178,20.2,-0.29838439505179903,27.38,8.5
1.926631088231013,-0.6001560723895774,18.1,0,0.693,5.683,100.0,1.4254,24,1.3695749159354178,20.2,0.31024713739692317,22.98,5.0
1.5895081139757188,-0.6001560723895774,18.1,0,0.659,4.138,100.0,1.1781,24,1.3695749159354178,20.2,0.14852285161744844,23.34,11.9
1.4165075654439334,-0.6001560723895774,18.1,0,0.659,5.608,100.0,1.2852,24,1.3695749159354178,20.2,-0.269548132570442,12.13,27.9
1.2564671803128498,-0.6001560723895774,18.1,0,0.597,5.617,97.9,1.4547,24,1.3695749159354178,20.2,-0.460876185916329,26.4,17.2
1.4772418913385903,-0.6001560723895774,18.1,0,0.597,6.852,100.0,1.4655,24,1.3695749159354178,20.2,-1.9441345845771651,19.78,27.5
1.8503021803295947,-0.6001560723895774,18.1,0,0.597,5.757,100.0,1.413,24,1.3695749159354178,20.2,-3.882194567924959,10.11,15.0
1.4685837829949167,-0.6001560723895774,18.1,0,0.597,6.657,100.0,1.5275,24,1.3695749159354178,20.2,-3.5264011392101144,21.22,17.2
1.5599771626078076,-0.6001560723895774,18.1,0,0.597,4.628,100.0,1.5539,24,1.3695749159354178,20.2,-3.5950380225307597,34.37,17.9
1.686379130505445,-0.6001560723895774,18.1,0,0.597,5.155,100.0,1.5894,24,1.3695749159354178,20.2,-1.5975512168829826,20.08,16.3
1.8196441167240143,-0.6001560723895774,18.1,0,0.693,4.519,100.0,1.6582,24,1.3695749159354178,20.2,-2.942877987401054,36.98,7.0
1.547825176381599,-0.6001560723895774,18.1,0,0.679,6.434,100.0,1.8347,24,1.3695749159354178,20.2,-3.6119231344019727,29.05,7.2
1.3844485398176924,-0.6001560723895774,18.1,0,0.679,6.782,90.8,1.8195,24,1.3695749159354178,20.2,-3.6742006898750175,25.79,7.5
1.6570516717352428,-0.6001560723895774,18.1,0,0.679,5.304,89.1,1.6475,24,1.3695749159354178,20.2,-2.514281219189551,26.64,10.4
1.947527805739571,-0.6001560723895774,18.1,0,0.679,5.957,100.0,1.8026,24,1.3695749159354178,20.2,-3.730338204667622,20.62,8.8
1.4127100219717774,-0.6001560723895774,18.1,0,0.718,6.824,76.5,1.794,24,1.3695749159354178,20.2,-3.379478737213846,22.74,8.4
1.3920304825813898,-0.6001560723895774,18.1,0,0.718,6.411,100.0,1.8589,24,1.3695749159354178,20.2,-0.4158126730652345,15.02,16.7
1.2382319393521513,-0.6001560723895774,18.1,0,0.718,6.006,95.3,1.8746,24,1.3695749159354178,20.2,-0.4023265122849795,15.7,14.2
1.419134996307235,-0.6001560723895774,18.1,0,0.614,5.648,87.6,1.9512,24,1.3695749159354178,20.2,-0.7140432204009436,14.1,20.8
1.2395999441973824,-0.6001560723895774,18.1,0,0.614,6.103,85.1,2.0218,24,1.3695749159354178,20.2,-3.8830717165935935,23.29,13.4
1.3149533394743242,-0.6001560723895774,18.1,0,0.584,5.565,70.6,2.0635,24,1.3695749159354178,20.2,-3.870681991649132,17.16,11.7
1.5069155589881267,-0.6001560723895774,18.1,0,0.679,5.896,95.4,1.9096,24,1.3695749159354178,20.2,-3.826495627466672,24.39,8.3
1.4244465003478266,-0.6001560723895774,18.1,0,0.584,5.837,59.7,1.9976,24,1.3695749159354178,20.2,-3.6404304661325915,15.69,10.2
1.7651377894784364,-0.6001560723895774,18.1,0,0.679,6.202,78.7,1.8629,24,1.3695749159354178,20.2,-3.7043526753593263,14.52,10.9
1.2547545066363286,-0.6001560723895774,18.1,0,0.679,6.193,78.1,1.9356,24,1.3695749159354178,20.2,-2.850119515692962,21.52,11.0
1.3352054436974947,-0.6001560723895774,18.1,0,0.679,6.38,95.6,1.9682,24,1.3695749159354178,20.2,-3.244946060162039,24.08,9.5
1.3032341059051837,-0.6001560723895774,18.1,0,0.584,6.348,86.1,2.0527,24,1.3695749159354178,20.2,-2.995726194686279,17.64,14.5
1.360050702377405,-0.6001560723895774,18.1,0,0.584,6.833,94.3,2.0882,24,1.3695749159354178,20.2,-3.018970634405091,19.69,14.1
1.2083357290610686,-0.6001560723895774,18.1,0,0.584,6.425,74.8,2.2004,24,1.3695749159354178,20.2,-2.8367429984962866,12.03,16.1
1.1576550796460707,-0.6001560723895774,18.1,0,0.713,6.436,87.9,2.3158,24,1.3695749159354178,20.2,-2.8121828357745224,16.22,14.3
1.4654525502527147,-0.6001560723895774,18.1,0,0.713,6.208,95.0,2.2222,24,1.3695749159354178,20.2,-2.807358518097033,15.17,11.7
1.394180509863107,-0.6001560723895774,18.1,0,0.74,6.629,94.6,2.1247,24,1.3695749159354178,20.2,-2.706267134036914,23.27,13.4
1.4768566118181463,-0.6001560723895774,18.1,0,0.74,6.461,93.3,2.0026,24,1.3695749159354178,20.2,-3.609291688396069,18.05,9.6
1.4930493760056456,-0.6001560723895774,18.1,0,0.74,6.152,100.0,1.9142,24,1.3695749159354178,20.2,-3.808514079759666,26.45,8.7
1.4600051314359073,-0.6001560723895774,18.1,0,0.74,5.935,87.9,1.8206,24,1.3695749159354178,20.2,-3.154709390876271,34.02,8.4
1.3370528487830216,-0.6001560723895774,18.1,0,0.74,5.627,93.9,1.8172,24,1.3695749159354178,20.2,0.44105193260703296,22.88,12.8
1.6084439145968648,-0.6001560723895774,18.1,0,0.74,5.818,92.4,1.8662,24,1.3695749159354178,20.2,0.3812961795563124,22.11,10.5
1.3486956342016687,-0.6001560723895774,18.1,0,0.74,6.406,97.2,2.0651,24,1.3695749159354178,20.2,0.3211018521712736,19.52,17.1
1.1630425832583293,-0.6001560723895774,18.1,0,0.74,6.219,100.0,2.0048,24,1.3695749159354178,20.2,0.42778505899393754,16.59,18.4
1.3568786278143778,-0.6001560723895774,18.1,0,0.74,6.485,100.0,1.9784,24,1.3695749159354178,20.2,0.32954440810688057,18.85,15.4
1.4387670876347034,-0.6001560723895774,18.1,0,0.74,5.854,96.6,1.8956,24,1.3695749159354178,20.2,-1.2735544274061366,23.79,10.8
1.3794804785540375,-0.6001560723895774,18.1,0,0.74,6.459,94.8,1.9879,24,1.3695749159354178,20.2,-3.4385766287630912,23.98,11.8
1.1997593740111416,-0.6001560723895774,18.1,0,0.74,6.341,96.4,2.072,24,1.3695749159354178,20.2,-0.42392629825010303,17.79,14.9
1.3554869687462965,-0.6001560723895774,18.1,0,0.74,6.251,96.6,2.198,24,1.3695749159354178,20.2,0.3491706095675759,16.44,12.6
1.3348542399661183,-0.6001560723895774,18.1,0,0.713,6.185,98.7,2.2616,24,1.3695749159354178,20.2,0.44105193260703296,18.13,14.1
1.2620862303127798,-0.6001560723895774,18.1,0,0.713,6.417,98.3,2.185,24,1.3695749159354178,20.2,-0.5752344435895441,19.31,13.0
1.2228364506560179,-0.6001560723895774,18.1,0,0.713,6.749,92.6,2.3236,24,1.3695749159354178,20.2,-3.9071933049810403,17.44,13.4
1.1486145919172543,-0.6001560723895774,18.1,0,0.713,6.655,98.2,2.3552,24,1.3695749159354178,20.2,-0.015175018666454031,17.73,15.2
1.1247451772485029,-0.6001560723895774,18.1,0,0.713,6.297,91.8,2.3682,24,1.3695749159354178,20.2,0.311562860399874,17.27,16.1
1.2933537547433842,-0.6001560723895774,18.1,0,0.713,7.393,99.3,2.4527,24,1.3695749159354178,20.2,0.21047147633975533,16.74,17.8
1.341399312898369,-0.6001560723895774,18.1,0,0.713,6.728,94.1,2.4961,24,1.3695749159354178,20.2,-3.837459985824603,18.71,14.9
1.0999655843914562,-0.6001560723895774,18.1,0,0.713,6.525,86.5,2.4358,24,1.3695749159354178,20.2,-3.3523967720697576,18.13,14.1
1.0935329399794758,-0.6001560723895774,18.1,0,0.713,5.976,87.9,2.5806,24,1.3695749159354178,20.2,-3.7957954240644667,19.01,12.7
1.2913922231368935,-0.6001560723895774,18.1,0,0.713,5.936,80.3,2.7792,24,1.3695749159354178,20.2,-3.8723266454028216,16.94,13.5
1.2722307344163812,-0.6001560723895774,18.1,0,0.713,6.301,83.7,2.7831,24,1.3695749159354178,20.2,-0.9260939110433195,16.23,14.9
1.2271270503830618,-0.6001560723895774,18.1,0,0.713,6.081,84.4,2.7175,24,1.3695749159354178,20.2,0.44105193260703296,14.7,20.0
1.104490048485458,-0.6001560723895774,18.1,0,0.713,6.701,90.0,2.5975,24,1.3695749159354178,20.2,-1.112268715960979,16.42,16.4
1.0072187297015056,-0.6001560723895774,18.1,0,0.713,6.376,88.4,2.5671,24,1.3695749159354178,20.2,0.38107689238915377,14.65,17.7
1.2195680772599022,-0.6001560723895774,18.1,0,0.713,6.317,83.0,2.7344,24,1.3695749159354178,20.2,0.44105193260703296,13.99,19.5
1.1725906719403283,-0.6001560723895774,18.1,0,0.713,6.513,89.9,2.8016,24,1.3695749159354178,20.2,0.4072817088646077,10.29,20.2
1.2760482079935305,-0.6001560723895774,18.1,0,0.655,6.209,65.4,2.9634,24,1.3695749159354178,20.2,0.44105193260703296,13.22,21.4
0.9489156384628714,-0.6001560723895774,18.1,0,0.655,5.759,48.2,3.0665,24,1.3695749159354178,20.2,-0.2442204647636222,14.13,19.9
1.015393171310336,-0.6001560723895774,18.1,0,0.655,5.952,84.7,2.8715,24,1.3695749159354178,20.2,-3.669376372197528,17.15,19.0
1.0737707723446,-0.6001560723895774,18.1,0,0.584,6.003,94.5,2.5403,24,1.3695749159354178,20.2,-0.27831961925678594,21.32,19.1
1.50122124363487,-0.6001560723895774,18.1,0,0.58,5.926,71.0,2.9084,24,1.3695749159354178,20.2,0.13229560124771095,18.13,19.1
1.4455524700560758,-0.6001560723895774,18.1,0,0.58,5.713,56.7,2.8237,24,1.3695749159354178,20.2,0.44105193260703296,14.76,20.1
1.0676409298118756,-0.6001560723895774,18.1,0,0.58,6.167,84.0,3.0334,24,1.3695749159354178,20.2,0.44105193260703296,16.29,19.9
1.040409383192854,-0.6001560723895774,18.1,0,0.532,6.229,90.7,3.0993,24,1.3695749159354178,20.2,0.4238378899850826,12.87,19.6
0.9943985952990282,-0.6001560723895774,18.1,0,0.58,6.437,75.0,2.8965,24,1.3695749159354178,20.2,0.40234774760353886,14.36,23.2
1.0918221862872612,-0.6001560723895774,18.1,0,0.614,6.98,67.6,2.5329,24,1.3695749159354178,20.2,0.19742388989381804,11.66,29.8
1.285335007989599,-0.6001560723895774,18.1,0,0.584,5.427,95.4,2.4298,24,1.3695749159354178,20.2,-0.04488842981644605,18.14,13.8
1.2055611732059006,-0.6001560723895774,18.1,0,0.584,6.162,97.4,2.206,24,1.3695749159354178,20.2,-0.5911327632085431,24.1,13.3
1.1089165132566232,-0.6001560723895774,18.1,0,0.614,6.484,93.6,2.3053,24,1.3695749159354178,20.2,0.43348652534006105,18.68,16.7
1.4898310653466686,-0.6001560723895774,18.1,0,0.614,5.304,97.3,2.1007,24,1.3695749159354178,20.2,-0.07887794072602998,24.91,12.0
1.3656223224913868,-0.6001560723895774,18.1,0,0.614,6.185,96.7,2.1705,24,1.3695749159354178,20.2,0.2524649688506289,18.03,14.6
1.474931210200899,-0.6001560723895774,18.1,0,0.614,6.229,88.0,1.9512,24,1.3695749159354178,20.2,0.2921559461063373,13.11,21.4
1.1727644187167396,-0.6001560723895774,18.1,0,0.532,6.242,64.7,3.4242,24,1.3695749159354178,20.2,0.44105193260703296,10.74,23.0
1.16565025546993,-0.6001560723895774,18.1,0,0.532,6.75,74.9,3.3317,24,1.3695749159354178,20.2,0.39905844009615987,7.74,23.7
1.1670744277741802,-0.6001560723895774,18.1,0,0.532,7.061,77.0,3.4106,24,1.3695749159354178,20.2,0.42328967206718604,7.01,25.0
0.9046836203747495,-0.6001560723895774,18.1,0,0.532,5.762,40.3,4.0983,24,1.3695749159354178,20.2,0.3974137863424701,10.42,21.8
0.8386324444191762,-0.6001560723895774,18.1,0,0.583,5.871,41.9,3.724,24,1.3695749159354178,20.2,0.15411467437999263,13.34,20.6
1.005247925699483,-0.6001560723895774,18.1,0,0.583,6.312,51.9,3.9917,24,1.3695749159354178,20.2,0.35026704540336906,10.58,21.2
1.1646280789248324,-0.6001560723895774,18.1,0,0.583,6.114,79.8,3.5459,24,1.3695749159354178,20.2,0.39478234033656695,14.98,19.1
1.1062550526494566,-0.6001560723895774,18.1,0,0.583,5.905,53.2,3.1523,24,1.3695749159354178,20.2,0.34588130206019735,11.45,20.6
-0.4412955498536745,-0.6001560723895774,27.74,0,0.609,5.454,92.7,1.8209,4,1.4919874885793352,20.1,0.421206443979179,18.06,15.2
-0.33675601500119046,-0.6001560723895774,27.74,0,0.609,5.414,98.3,1.7554,4,1.4919874885793352,20.1,-0.13841440660959287,23.97,7.0
-0.27180921044882894,-0.6001560723895774,27.74,0,0.609,5.093,98.0,1.8226,4,1.4919874885793352,20.1,-0.4193212677397722,29.68,8.1
-0.6375591755322835,-0.6001560723895774,27.74,0,0.609,5.983,98.8,1.8681,4,1.4919874885793352,20.1,0.3666039393566854,18.07,13.6
-0.6086835511929355,-0.6001560723895774,27.74,0,0.609,5.983,83.5,2.1099,4,1.4919874885793352,20.1,0.44105193260703296,13.35,20.1
-0.36674679531294124,-0.6001560723895774,9.69,0,0.585,5.707,54.0,2.3817,6,0.19905169088338642,19.2,0.44105193260703296,12.01,21.8
-0.11854961156473051,-0.6001560723895774,9.69,0,0.585,5.926,42.6,2.3817,6,0.19905169088338642,19.2,0.44105193260703296,13.59,24.5
-0.34958290108241685,-0.6001560723895774,9.69,0,0.585,5.67,28.8,2.7986,6,0.19905169088338642,19.2,0.40147059893490483,17.6,23.1
-0.10078334278310164,-0.6001560723895774,9.69,0,0.585,5.39,72.9,2.7986,6,0.19905169088338642,19.2,0.44105193260703296,21.14,19.7
-0.13922886833202627,-0.6001560723895774,9.69,0,0.585,5.794,70.6,2.8927,6,0.19905169088338642,19.2,0.44105193260703296,14.1,18.3
-0.19819288885125858,-0.6001560723895774,9.69,0,0.585,6.019,65.3,2.4091,6,0.19905169088338642,19.2,0.44105193260703296,12.92,21.2
-0.3530385134234525,-0.6001560723895774,9.69,0,0.585,5.569,73.5,2.3999,6,0.19905169088338642,19.2,0.42866220766257207,15.1,17.5
-0.23102436265890863,-0.6001560723895774,9.69,0,0.585,6.027,79.7,2.4982,6,0.19905169088338642,19.2,0.44105193260703296,14.33,16.8
-0.9407976112977305,-0.6001560723895774,11.93,0,0.573,6.593,69.1,2.4786,1,-0.7971997332572017,21.0,0.38721693306959504,9.67,22.4
-1.137017418046341,-0.6001560723895774,11.93,0,0.573,6.12,76.7,2.2875,1,-0.7971997332572017,21.0,0.44105193260703296,9.08,20.6
-0.9588564867966257,-0.6001560723895774,11.93,0,0.573,6.976,91.0,2.1675,1,-0.7971997332572017,21.0,0.44105193260703296,5.64,23.9
-0.6174612123782444,-0.6001560723895774,11.93,0,0.573,6.794,89.3,2.3889,1,-0.7971997332572017,21.0,0.4032248962721734,6.48,22.0
-1.1087177866022113,-0.6001560723895774,11.93,0,0.573,6.03,80.8,2.505,1,-0.7971997332572017,21.0,0.44105193260703296,7.88,11.9
